"metric","mean_home","mean_away","paired_t_p","paired_wilcoxon_p"
"Kills",47.9741379310345,49.9568965517241,0.00427651892866925,0.00459504813483148
"Blocks",8.06896551724138,8.21551724137931,0.740164855176471,0.716079704900594
"Aces",4.36206896551724,5.14655172413793,0.028932024092724,0.0521572604828792
"Digs",58.4137931034483,60.4568965517241,0.0177647119058961,0.055857770242622
"Total points",85.2931034482759,89.3362068965517,0.000115589437562407,0.000289316499430393
